"id_fecha","fecha"
1,2024-08-29 12:00:00.000
2,2024-08-29 13:00:00.000
3,2024-08-29 14:00:00.000
4,2024-08-29 15:00:00.000
5,2024-08-29 16:00:00.000
6,2024-08-29 17:00:00.000
7,2024-08-29 18:00:00.000
8,2024-08-29 19:00:00.000
9,2024-08-29 20:00:00.000
10,2024-08-29 21:00:00.000
11,2024-08-29 22:00:00.000
12,2024-08-29 23:00:00.000
13,2024-08-30 00:00:00.000
14,2024-08-30 01:00:00.000
15,2024-08-30 02:00:00.000
16,2024-08-30 03:00:00.000
17,2024-08-30 04:00:00.000
18,2024-08-30 05:00:00.000
19,2024-08-30 06:00:00.000
20,2024-08-30 07:00:00.000
21,2024-08-30 08:00:00.000
22,2024-08-30 09:00:00.000
23,2024-08-30 10:00:00.000
24,2024-08-30 11:00:00.000
25,2024-08-30 12:00:00.000
26,2024-08-30 13:00:00.000
27,2024-08-30 14:00:00.000
28,2024-08-30 15:00:00.000
29,2024-08-30 16:00:00.000
30,2024-08-30 17:00:00.000
31,2024-08-30 18:00:00.000
32,2024-08-30 19:00:00.000
33,2024-08-30 20:00:00.000
34,2024-08-30 21:00:00.000
35,2024-08-30 22:00:00.000
36,2024-08-30 23:00:00.000
37,2024-08-31 00:00:00.000
38,2024-08-31 01:00:00.000
39,2024-08-31 02:00:00.000
40,2024-08-31 03:00:00.000
41,2024-08-31 04:00:00.000
42,2024-08-31 05:00:00.000
43,2024-08-31 06:00:00.000
44,2024-08-31 07:00:00.000
45,2024-08-29 11:00:00.000
